Keywords,sentiment_score,custom_sentiment_score
Killstreak,0.0,0.0
Ragequit,0.0,0.0
Smurf,0.0,0.0
Tank,0.0,0.0
Sandbox,0.0,0.0
pwned,0.0,0.0
noob,-0.0516,-0.0516
mod,0.0,0.0
mashing,0.0,0.0
lag,-0.34,-0.34
hitscan,0.0,0.0
grinding,0.0,0.0
glitch,0.0,0.0
ganking,0.0,0.0
clans,0.0,0.0
cheese,0.0,0.0
camping,0.0,0.0
buff,0.0,0.0
nerf,0.0,0.0
bots,0.0,0.0
Ace,0.0,0.0
Bait,0.0,0.0
Beam,0.0,0.0
Bot,0.0,0.0
Chalk,0.0,0.0
Clutch,0.0,0.0
Cracked,0.0,0.0
Deady,0.0,0.0
Donut,0.0,0.0
Flank,0.0,0.0
Flex,0.0,0.0
Frag,0.0,0.0
Heady,0.0,0.0
Hipfire,0.0,0.0
Hitmarker,0.0,0.0
Lasered,0.0,0.0
Lit,0.0,0.0
Nade,0.0,0.0
Respawn,0.0,0.0
Rotate,0.0,0.0
Slayer,0.0,0.0
Spawn,0.0,0.0
Trap,-0.3182,-0.3182
Strat,0.0,0.0
Stun,0.0,0.0
Sweaty,0.0,0.0
Tagged,0.0,0.0
Trade,0.0,0.0
Downed,0.0,0.0
Mounting,0.0,0.0
Oneshot,0.0,0.0
Prestige,0.0,0.0
airstrike,0.0,0.0
fallback,0.0,0.0
breach,0.0,0.0
injured,-0.4019,-0.4019
resistance,0.0,0.0
zone,0.0,0.0
sniper,0.0,0.0
Anchor,0.0,0.0
bankshot,0.0,0.0
boomerang,0.0,0.0
boosting,0.34,0.34
Crawler,0.0,0.0
Demo,0.0,0.0
Dropshot,0.0,0.0
Flash,0.0,0.0
Hardscope,0.0,0.0
Jumpshot,0.0,0.0
Killcam,0.0,0.0
Meatball,0.0,0.0
Quickscoping,0.0,0.0
Quad,0.0,0.0
Quadfeed,0.0,0.0
Skillcam,0.0,0.0
Squeaker,0.0,0.0
Haxor,0.0,0.0
ghosting,0.0,0.0
domed,0.0,0.0
turtling,0.0,0.0
aimbot,0.0,0.0
flanking,0.0,0.0
Quickscope,0.0,0.0
stack,0.0,0.0
strafe,0.0,0.0
utility,0.0,0.0
kobe,0.0,0.0
bertha,0.0,0.0
fried,0.0,0.0
laser,0.0,0.0
melts,0.0,0.0
shreds,0.0,0.0
twisted,0.0,0.0
cop,0.0,0.0
diner,0.0,0.0
electric,0.0,0.0
millie,0.0,0.0
carried,0.0,0.0
chall,0.0,0.0
checked,0.0,0.0
glazing,0.0,0.0
dynasty,0.0,0.0
frying,0.0,0.0
fugaze,0.0,0.0
gas,0.0,0.0
godlike,0.0,0.0
godheady,0.0,0.0
joked,0.3182,0.3182
mixy,0.0,0.0
overheated,0.0,0.0
pacing,0.0,0.0
ratty,0.0,0.0
rotating,0.0,0.0
scrimbucks,0.0,0.0
snaking,0.0,0.0
tippable,0.0,0.0
tilted,0.0,0.0
tucked,0.0,0.0
battle,-0.3818,-0.3818
battlefield,-0.3818,-0.3818
bomb,-0.4939,-0.4939
combat,-0.34,-0.34
explosion,0.0,0.0
gore,0.0,0.0
gun,-0.34,-0.34
silencer,0.0,0.0
deady,0.0,0.0
frag,0.0,0.0
hill,0.0,0.0
faction,0.0,0.0
camouflage,0.0,0.0
gunsmith,0.0,0.0
munitions,0.0,0.0
optic,0.0,0.0
perk,0.0,0.0
domination,-0.0516,-0.0516
missions,0.0,0.0
survival,0.0,0.0
flank,0.0,0.0
absolute,0.0,0.0
gas,0.0,0.0
keen,0.3612,0.3612
trolly,0.0,0.0
unquotable,0.0,0.0
hosted,0.0,0.0
worldstarred,0.0,0.0
creddy,0.0,0.0
regain,0.0,0.0
gunny,0.0,0.0
costed,0.0,0.0
choke,-0.5423,-0.5423
GOAT,0.0,0.0
warrior,0.0,0.0
