Phrases,sentiment_score,custom_sentiment_score
First Blood,0.0,0.0
Wall bang,0.0,0.0
bullet sponge,0.0,0.0
Drop Shot,-0.2732,-0.2732
Ego Chall,0.0,0.0
Fake Defuse,-0.4767,-0.4767
Flipping Spawns,0.0,0.0
Hard Scope,-0.1027,-0.1027
Head glictch,0.0,0.0
Holding a cross,0.0,0.0
Jump Shot,0.0,0.0
Ninja Defuse,0.0,0.0
Noob Tube,-0.0516,-0.0516
One Shot,0.0,0.0
Panic Knife,-0.5106,-0.5106
Quick Scope,0.0,0.0
Reverse Sweep,0.0,0.0
Slide Cancel,-0.25,-0.25
Spawn Out,0.0,0.0
Finishing Moves,0.0,0.0
Flank left,0.0,0.0
Flank Right,0.0,0.0
stun granade,0.0,0.0
sound granade,0.0,0.0
smoke granade,0.0,0.0
pinned down,0.0,0.0
excellent shooting,0.5719,0.5719
enemy down,-0.5423,-0.5423
tango down,0.0,0.0
heavy fire,-0.34,-0.34
baby gun,-0.34,-0.34
baby monitor,0.0,0.0
be bold,0.3818,0.3818
christmas noob,-0.0516,-0.0516
Head Glitching,0.0,0.0
Reload Cancel,-0.25,-0.25
Reverse boosting,0.34,0.34
Shrink Ray,0.0,0.0
Tac Insert,0.0,0.0
Wonder Waffle,0.0,0.0
bunny hop,0.0,0.0
respawn modes,0.0,0.0
scrap time,0.0,0.0
slaying power,0.0,0.0
spawn trap,-0.3182,-0.3182
tac sprint,0.0,0.0
trip cap,0.0,0.0
pre fire,-0.34,-0.34
pre nade,0.0,0.0
nade spot,0.0,0.0
jiggle peek,0.0,0.0
full sailed,0.0,0.0
crack aiming,0.0,0.0
bomb spot,-0.4939,-0.4939
bouncing betty,0.0,0.0
breaking cameras,0.0,0.0
lost fill,-0.3182,-0.3182
self res,0.0,0.0
sound whoring,0.0,0.0
off rip,0.0,0.0
losing full,-0.3818,-0.3818
losing composur,-0.3818,-0.3818
kill whoring,-0.6908,-0.6908
in blender,0.0,0.0
in cycle,0.0,0.0
in narnia,0.0,0.0
